{
    "timestamp": "2024-07-24T18:49:36.523010",
    "userID": 0,
    "cameraID": 0,
    "Detections": [
        {
            "instanceID": 1,
            "xmin": 186.60601806640625,
            "xmax": 390.01043701171875,
            "ymin": 327.1827697753906,
            "ymax": 464.5732727050781,
            "class": 7,
            "species": "rat",
            "confidence": 0.8566925525665283
        }
    ]
}